cost_burden,tenure,county,value
Severly Cost Burdened (50% or more),Owner,Alcona County,368.0
Severly Cost Burdened (50% or more),Renter,Alcona County,115.0
Severly Cost Burdened (50% or more),Total,Alcona County,483.0
"Cost Burdened (30% or more, but less than 50%)",Owner,Alcona County,560.0
"Cost Burdened (30% or more, but less than 50%)",Renter,Alcona County,104.0
"Cost Burdened (30% or more, but less than 50%)",Total,Alcona County,664.0
Unburdened (Less than 30%),Owner,Alcona County,3405.0
Unburdened (Less than 30%),Renter,Alcona County,360.0
Unburdened (Less than 30%),Total,Alcona County,3765.0
Severly Cost Burdened (50% or more),Owner,Alger County,159.0
Severly Cost Burdened (50% or more),Renter,Alger County,125.0
Severly Cost Burdened (50% or more),Total,Alger County,284.0
"Cost Burdened (30% or more, but less than 50%)",Owner,Alger County,385.0
"Cost Burdened (30% or more, but less than 50%)",Renter,Alger County,115.0
"Cost Burdened (30% or more, but less than 50%)",Total,Alger County,500.0
Unburdened (Less than 30%),Owner,Alger County,2070.0
Unburdened (Less than 30%),Renter,Alger County,215.0
Unburdened (Less than 30%),Total,Alger County,2285.0
Severly Cost Burdened (50% or more),Owner,Allegan County,2485.0
Severly Cost Burdened (50% or more),Renter,Allegan County,1105.0
Severly Cost Burdened (50% or more),Total,Allegan County,3590.0
"Cost Burdened (30% or more, but less than 50%)",Owner,Allegan County,3575.0
"Cost Burdened (30% or more, but less than 50%)",Renter,Allegan County,1440.0
"Cost Burdened (30% or more, but less than 50%)",Total,Allegan County,5015.0
Unburdened (Less than 30%),Owner,Allegan County,29020.0
Unburdened (Less than 30%),Renter,Allegan County,4970.0
Unburdened (Less than 30%),Total,Allegan County,33990.0
Severly Cost Burdened (50% or more),Owner,Alpena County,670.0
Severly Cost Burdened (50% or more),Renter,Alpena County,525.0
Severly Cost Burdened (50% or more),Total,Alpena County,1195.0
"Cost Burdened (30% or more, but less than 50%)",Owner,Alpena County,985.0
"Cost Burdened (30% or more, but less than 50%)",Renter,Alpena County,554.0
"Cost Burdened (30% or more, but less than 50%)",Total,Alpena County,1539.0
Unburdened (Less than 30%),Owner,Alpena County,8095.0
Unburdened (Less than 30%),Renter,Alpena County,1695.0
Unburdened (Less than 30%),Total,Alpena County,9790.0
Severly Cost Burdened (50% or more),Owner,Antrim County,785.0
Severly Cost Burdened (50% or more),Renter,Antrim County,250.0
Severly Cost Burdened (50% or more),Total,Antrim County,1035.0
"Cost Burdened (30% or more, but less than 50%)",Owner,Antrim County,1035.0
"Cost Burdened (30% or more, but less than 50%)",Renter,Antrim County,244.0
"Cost Burdened (30% or more, but less than 50%)",Total,Antrim County,1279.0
Unburdened (Less than 30%),Owner,Antrim County,6520.0
Unburdened (Less than 30%),Renter,Antrim County,795.0
Unburdened (Less than 30%),Total,Antrim County,7315.0
Severly Cost Burdened (50% or more),Owner,Arenac County,434.0
Severly Cost Burdened (50% or more),Renter,Arenac County,184.0
Severly Cost Burdened (50% or more),Total,Arenac County,618.0
"Cost Burdened (30% or more, but less than 50%)",Owner,Arenac County,675.0
"Cost Burdened (30% or more, but less than 50%)",Renter,Arenac County,289.0
"Cost Burdened (30% or more, but less than 50%)",Total,Arenac County,964.0
Unburdened (Less than 30%),Owner,Arenac County,4335.0
Unburdened (Less than 30%),Renter,Arenac County,670.0
Unburdened (Less than 30%),Total,Arenac County,5005.0
Severly Cost Burdened (50% or more),Owner,Baraga County,214.0
Severly Cost Burdened (50% or more),Renter,Baraga County,154.0
Severly Cost Burdened (50% or more),Total,Baraga County,368.0
"Cost Burdened (30% or more, but less than 50%)",Owner,Baraga County,260.0
"Cost Burdened (30% or more, but less than 50%)",Renter,Baraga County,78.0
"Cost Burdened (30% or more, but less than 50%)",Total,Baraga County,338.0
Unburdened (Less than 30%),Owner,Baraga County,1950.0
Unburdened (Less than 30%),Renter,Baraga County,330.0
Unburdened (Less than 30%),Total,Baraga County,2280.0
Severly Cost Burdened (50% or more),Owner,Barry County,1270.0
Severly Cost Burdened (50% or more),Renter,Barry County,735.0
Severly Cost Burdened (50% or more),Total,Barry County,2005.0
"Cost Burdened (30% or more, but less than 50%)",Owner,Barry County,2110.0
"Cost Burdened (30% or more, but less than 50%)",Renter,Barry County,710.0
"Cost Burdened (30% or more, but less than 50%)",Total,Barry County,2820.0
Unburdened (Less than 30%),Owner,Barry County,16035.0
Unburdened (Less than 30%),Renter,Barry County,2740.0
Unburdened (Less than 30%),Total,Barry County,18775.0
Severly Cost Burdened (50% or more),Owner,Bay County,2450.0
Severly Cost Burdened (50% or more),Renter,Bay County,1930.0
Severly Cost Burdened (50% or more),Total,Bay County,4380.0
"Cost Burdened (30% or more, but less than 50%)",Owner,Bay County,4275.0
"Cost Burdened (30% or more, but less than 50%)",Renter,Bay County,2110.0
"Cost Burdened (30% or more, but less than 50%)",Total,Bay County,6385.0
Unburdened (Less than 30%),Owner,Bay County,26900.0
Unburdened (Less than 30%),Renter,Bay County,5535.0
Unburdened (Less than 30%),Total,Bay County,32435.0
Severly Cost Burdened (50% or more),Owner,Benzie County,550.0
Severly Cost Burdened (50% or more),Renter,Benzie County,160.0
Severly Cost Burdened (50% or more),Total,Benzie County,710.0
"Cost Burdened (30% or more, but less than 50%)",Owner,Benzie County,715.0
"Cost Burdened (30% or more, but less than 50%)",Renter,Benzie County,170.0
"Cost Burdened (30% or more, but less than 50%)",Total,Benzie County,885.0
Unburdened (Less than 30%),Owner,Benzie County,4730.0
Unburdened (Less than 30%),Renter,Benzie County,325.0
Unburdened (Less than 30%),Total,Benzie County,5055.0
Severly Cost Burdened (50% or more),Owner,Berrien County,3330.0
Severly Cost Burdened (50% or more),Renter,Berrien County,4255.0
Severly Cost Burdened (50% or more),Total,Berrien County,7585.0
"Cost Burdened (30% or more, but less than 50%)",Owner,Berrien County,4940.0
"Cost Burdened (30% or more, but less than 50%)",Renter,Berrien County,4000.0
"Cost Burdened (30% or more, but less than 50%)",Total,Berrien County,8940.0
Unburdened (Less than 30%),Owner,Berrien County,35880.0
Unburdened (Less than 30%),Renter,Berrien County,10480.0
Unburdened (Less than 30%),Total,Berrien County,46360.0
Severly Cost Burdened (50% or more),Owner,Branch County,830.0
Severly Cost Burdened (50% or more),Renter,Branch County,545.0
Severly Cost Burdened (50% or more),Total,Branch County,1375.0
"Cost Burdened (30% or more, but less than 50%)",Owner,Branch County,1415.0
"Cost Burdened (30% or more, but less than 50%)",Renter,Branch County,900.0
"Cost Burdened (30% or more, but less than 50%)",Total,Branch County,2315.0
Unburdened (Less than 30%),Owner,Branch County,9945.0
Unburdened (Less than 30%),Renter,Branch County,2670.0
Unburdened (Less than 30%),Total,Branch County,12615.0
Severly Cost Burdened (50% or more),Owner,Calhoun County,3030.0
Severly Cost Burdened (50% or more),Renter,Calhoun County,3645.0
Severly Cost Burdened (50% or more),Total,Calhoun County,6675.0
"Cost Burdened (30% or more, but less than 50%)",Owner,Calhoun County,4135.0
"Cost Burdened (30% or more, but less than 50%)",Renter,Calhoun County,3735.0
"Cost Burdened (30% or more, but less than 50%)",Total,Calhoun County,7870.0
Unburdened (Less than 30%),Owner,Calhoun County,29840.0
Unburdened (Less than 30%),Renter,Calhoun County,8735.0
Unburdened (Less than 30%),Total,Calhoun County,38575.0
Severly Cost Burdened (50% or more),Owner,Cass County,1175.0
Severly Cost Burdened (50% or more),Renter,Cass County,600.0
Severly Cost Burdened (50% or more),Total,Cass County,1775.0
"Cost Burdened (30% or more, but less than 50%)",Owner,Cass County,1870.0
"Cost Burdened (30% or more, but less than 50%)",Renter,Cass County,669.0
"Cost Burdened (30% or more, but less than 50%)",Total,Cass County,2539.0
Unburdened (Less than 30%),Owner,Cass County,13575.0
Unburdened (Less than 30%),Renter,Cass County,2635.0
Unburdened (Less than 30%),Total,Cass County,16210.0
Severly Cost Burdened (50% or more),Owner,Charlevoix County,745.0
Severly Cost Burdened (50% or more),Renter,Charlevoix County,280.0
Severly Cost Burdened (50% or more),Total,Charlevoix County,1025.0
"Cost Burdened (30% or more, but less than 50%)",Owner,Charlevoix County,1190.0
"Cost Burdened (30% or more, but less than 50%)",Renter,Charlevoix County,540.0
"Cost Burdened (30% or more, but less than 50%)",Total,Charlevoix County,1730.0
Unburdened (Less than 30%),Owner,Charlevoix County,7185.0
Unburdened (Less than 30%),Renter,Charlevoix County,1265.0
Unburdened (Less than 30%),Total,Charlevoix County,8450.0
Severly Cost Burdened (50% or more),Owner,Cheboygan County,730.0
Severly Cost Burdened (50% or more),Renter,Cheboygan County,340.0
Severly Cost Burdened (50% or more),Total,Cheboygan County,1070.0
"Cost Burdened (30% or more, but less than 50%)",Owner,Cheboygan County,1015.0
"Cost Burdened (30% or more, but less than 50%)",Renter,Cheboygan County,419.0
"Cost Burdened (30% or more, but less than 50%)",Total,Cheboygan County,1434.0
Unburdened (Less than 30%),Owner,Cheboygan County,7245.0
Unburdened (Less than 30%),Renter,Cheboygan County,1165.0
Unburdened (Less than 30%),Total,Cheboygan County,8410.0
Severly Cost Burdened (50% or more),Owner,Chippewa County,735.0
Severly Cost Burdened (50% or more),Renter,Chippewa County,810.0
Severly Cost Burdened (50% or more),Total,Chippewa County,1545.0
"Cost Burdened (30% or more, but less than 50%)",Owner,Chippewa County,1100.0
"Cost Burdened (30% or more, but less than 50%)",Renter,Chippewa County,865.0
"Cost Burdened (30% or more, but less than 50%)",Total,Chippewa County,1965.0
Unburdened (Less than 30%),Owner,Chippewa County,7800.0
Unburdened (Less than 30%),Renter,Chippewa County,2545.0
Unburdened (Less than 30%),Total,Chippewa County,10345.0
Severly Cost Burdened (50% or more),Owner,Clare County,1095.0
Severly Cost Burdened (50% or more),Renter,Clare County,505.0
Severly Cost Burdened (50% or more),Total,Clare County,1600.0
"Cost Burdened (30% or more, but less than 50%)",Owner,Clare County,1355.0
"Cost Burdened (30% or more, but less than 50%)",Renter,Clare County,614.0
"Cost Burdened (30% or more, but less than 50%)",Total,Clare County,1969.0
Unburdened (Less than 30%),Owner,Clare County,7540.0
Unburdened (Less than 30%),Renter,Clare County,1125.0
Unburdened (Less than 30%),Total,Clare County,8665.0
Severly Cost Burdened (50% or more),Owner,Clinton County,1325.0
Severly Cost Burdened (50% or more),Renter,Clinton County,1030.0
Severly Cost Burdened (50% or more),Total,Clinton County,2355.0
"Cost Burdened (30% or more, but less than 50%)",Owner,Clinton County,2115.0
"Cost Burdened (30% or more, but less than 50%)",Renter,Clinton County,1340.0
"Cost Burdened (30% or more, but less than 50%)",Total,Clinton County,3455.0
Unburdened (Less than 30%),Owner,Clinton County,19640.0
Unburdened (Less than 30%),Renter,Clinton County,3680.0
Unburdened (Less than 30%),Total,Clinton County,23320.0
Severly Cost Burdened (50% or more),Owner,Crawford County,389.0
Severly Cost Burdened (50% or more),Renter,Crawford County,260.0
Severly Cost Burdened (50% or more),Total,Crawford County,649.0
"Cost Burdened (30% or more, but less than 50%)",Owner,Crawford County,515.0
"Cost Burdened (30% or more, but less than 50%)",Renter,Crawford County,235.0
"Cost Burdened (30% or more, but less than 50%)",Total,Crawford County,750.0
Unburdened (Less than 30%),Owner,Crawford County,3940.0
Unburdened (Less than 30%),Renter,Crawford County,600.0
Unburdened (Less than 30%),Total,Crawford County,4540.0
Severly Cost Burdened (50% or more),Owner,Delta County,895.0
Severly Cost Burdened (50% or more),Renter,Delta County,695.0
Severly Cost Burdened (50% or more),Total,Delta County,1590.0
"Cost Burdened (30% or more, but less than 50%)",Owner,Delta County,1255.0
"Cost Burdened (30% or more, but less than 50%)",Renter,Delta County,650.0
"Cost Burdened (30% or more, but less than 50%)",Total,Delta County,1905.0
Unburdened (Less than 30%),Owner,Delta County,10440.0
Unburdened (Less than 30%),Renter,Delta County,1845.0
Unburdened (Less than 30%),Total,Delta County,12285.0
Severly Cost Burdened (50% or more),Owner,Dickinson County,674.0
Severly Cost Burdened (50% or more),Renter,Dickinson County,513.0
Severly Cost Burdened (50% or more),Total,Dickinson County,1187.0
"Cost Burdened (30% or more, but less than 50%)",Owner,Dickinson County,565.0
"Cost Burdened (30% or more, but less than 50%)",Renter,Dickinson County,464.0
"Cost Burdened (30% or more, but less than 50%)",Total,Dickinson County,1029.0
Unburdened (Less than 30%),Owner,Dickinson County,7330.0
Unburdened (Less than 30%),Renter,Dickinson County,1385.0
Unburdened (Less than 30%),Total,Dickinson County,8715.0
Severly Cost Burdened (50% or more),Owner,Eaton County,1800.0
Severly Cost Burdened (50% or more),Renter,Eaton County,2290.0
Severly Cost Burdened (50% or more),Total,Eaton County,4090.0
"Cost Burdened (30% or more, but less than 50%)",Owner,Eaton County,3240.0
"Cost Burdened (30% or more, but less than 50%)",Renter,Eaton County,2320.0
"Cost Burdened (30% or more, but less than 50%)",Total,Eaton County,5560.0
Unburdened (Less than 30%),Owner,Eaton County,26800.0
Unburdened (Less than 30%),Renter,Eaton County,7720.0
Unburdened (Less than 30%),Total,Eaton County,34520.0
Severly Cost Burdened (50% or more),Owner,Emmet County,935.0
Severly Cost Burdened (50% or more),Renter,Emmet County,760.0
Severly Cost Burdened (50% or more),Total,Emmet County,1695.0
"Cost Burdened (30% or more, but less than 50%)",Owner,Emmet County,1445.0
"Cost Burdened (30% or more, but less than 50%)",Renter,Emmet County,740.0
"Cost Burdened (30% or more, but less than 50%)",Total,Emmet County,2185.0
Unburdened (Less than 30%),Owner,Emmet County,8140.0
Unburdened (Less than 30%),Renter,Emmet County,2290.0
Unburdened (Less than 30%),Total,Emmet County,10430.0
Severly Cost Burdened (50% or more),Owner,Genesee County,10660.0
Severly Cost Burdened (50% or more),Renter,Genesee County,12945.0
Severly Cost Burdened (50% or more),Total,Genesee County,23605.0
"Cost Burdened (30% or more, but less than 50%)",Owner,Genesee County,14210.0
"Cost Burdened (30% or more, but less than 50%)",Renter,Genesee County,11145.0
"Cost Burdened (30% or more, but less than 50%)",Total,Genesee County,25355.0
Unburdened (Less than 30%),Owner,Genesee County,90825.0
Unburdened (Less than 30%),Renter,Genesee County,25190.0
Unburdened (Less than 30%),Total,Genesee County,116015.0
Severly Cost Burdened (50% or more),Owner,Gladwin County,939.0
Severly Cost Burdened (50% or more),Renter,Gladwin County,345.0
Severly Cost Burdened (50% or more),Total,Gladwin County,1284.0
"Cost Burdened (30% or more, but less than 50%)",Owner,Gladwin County,1180.0
"Cost Burdened (30% or more, but less than 50%)",Renter,Gladwin County,280.0
"Cost Burdened (30% or more, but less than 50%)",Total,Gladwin County,1460.0
Unburdened (Less than 30%),Owner,Gladwin County,7075.0
Unburdened (Less than 30%),Renter,Gladwin County,1000.0
Unburdened (Less than 30%),Total,Gladwin County,8075.0
Severly Cost Burdened (50% or more),Owner,Gogebic County,375.0
Severly Cost Burdened (50% or more),Renter,Gogebic County,260.0
Severly Cost Burdened (50% or more),Total,Gogebic County,635.0
"Cost Burdened (30% or more, but less than 50%)",Owner,Gogebic County,590.0
"Cost Burdened (30% or more, but less than 50%)",Renter,Gogebic County,299.0
"Cost Burdened (30% or more, but less than 50%)",Total,Gogebic County,889.0
Unburdened (Less than 30%),Owner,Gogebic County,4160.0
Unburdened (Less than 30%),Renter,Gogebic County,790.0
Unburdened (Less than 30%),Total,Gogebic County,4950.0
Severly Cost Burdened (50% or more),Owner,Grand Traverse County,2210.0
Severly Cost Burdened (50% or more),Renter,Grand Traverse County,1720.0
Severly Cost Burdened (50% or more),Total,Grand Traverse County,3930.0
"Cost Burdened (30% or more, but less than 50%)",Owner,Grand Traverse County,3835.0
"Cost Burdened (30% or more, but less than 50%)",Renter,Grand Traverse County,1930.0
"Cost Burdened (30% or more, but less than 50%)",Total,Grand Traverse County,5765.0
Unburdened (Less than 30%),Owner,Grand Traverse County,22070.0
Unburdened (Less than 30%),Renter,Grand Traverse County,5090.0
Unburdened (Less than 30%),Total,Grand Traverse County,27160.0
Severly Cost Burdened (50% or more),Owner,Gratiot County,730.0
Severly Cost Burdened (50% or more),Renter,Gratiot County,1100.0
Severly Cost Burdened (50% or more),Total,Gratiot County,1830.0
"Cost Burdened (30% or more, but less than 50%)",Owner,Gratiot County,1250.0
"Cost Burdened (30% or more, but less than 50%)",Renter,Gratiot County,785.0
"Cost Burdened (30% or more, but less than 50%)",Total,Gratiot County,2035.0
Unburdened (Less than 30%),Owner,Gratiot County,8815.0
Unburdened (Less than 30%),Renter,Gratiot County,2055.0
Unburdened (Less than 30%),Total,Gratiot County,10870.0
Severly Cost Burdened (50% or more),Owner,Hillsdale County,960.0
Severly Cost Burdened (50% or more),Renter,Hillsdale County,640.0
Severly Cost Burdened (50% or more),Total,Hillsdale County,1600.0
"Cost Burdened (30% or more, but less than 50%)",Owner,Hillsdale County,1605.0
"Cost Burdened (30% or more, but less than 50%)",Renter,Hillsdale County,800.0
"Cost Burdened (30% or more, but less than 50%)",Total,Hillsdale County,2405.0
Unburdened (Less than 30%),Owner,Hillsdale County,11015.0
Unburdened (Less than 30%),Renter,Hillsdale County,2590.0
Unburdened (Less than 30%),Total,Hillsdale County,13605.0
Severly Cost Burdened (50% or more),Owner,Houghton County,595.0
Severly Cost Burdened (50% or more),Renter,Houghton County,1210.0
Severly Cost Burdened (50% or more),Total,Houghton County,1805.0
"Cost Burdened (30% or more, but less than 50%)",Owner,Houghton County,860.0
"Cost Burdened (30% or more, but less than 50%)",Renter,Houghton County,780.0
"Cost Burdened (30% or more, but less than 50%)",Total,Houghton County,1640.0
Unburdened (Less than 30%),Owner,Houghton County,7490.0
Unburdened (Less than 30%),Renter,Houghton County,2005.0
Unburdened (Less than 30%),Total,Houghton County,9495.0
Severly Cost Burdened (50% or more),Owner,Huron County,695.0
Severly Cost Burdened (50% or more),Renter,Huron County,508.0
Severly Cost Burdened (50% or more),Total,Huron County,1203.0
"Cost Burdened (30% or more, but less than 50%)",Owner,Huron County,1155.0
"Cost Burdened (30% or more, but less than 50%)",Renter,Huron County,535.0
"Cost Burdened (30% or more, but less than 50%)",Total,Huron County,1690.0
Unburdened (Less than 30%),Owner,Huron County,9345.0
Unburdened (Less than 30%),Renter,Huron County,1530.0
Unburdened (Less than 30%),Total,Huron County,10875.0
Severly Cost Burdened (50% or more),Owner,Ingham County,4955.0
Severly Cost Burdened (50% or more),Renter,Ingham County,12750.0
Severly Cost Burdened (50% or more),Total,Ingham County,17705.0
"Cost Burdened (30% or more, but less than 50%)",Owner,Ingham County,7200.0
"Cost Burdened (30% or more, but less than 50%)",Renter,Ingham County,9640.0
"Cost Burdened (30% or more, but less than 50%)",Total,Ingham County,16840.0
Unburdened (Less than 30%),Owner,Ingham County,52550.0
Unburdened (Less than 30%),Renter,Ingham County,23420.0
Unburdened (Less than 30%),Total,Ingham County,75970.0
Severly Cost Burdened (50% or more),Owner,Ionia County,1365.0
Severly Cost Burdened (50% or more),Renter,Ionia County,870.0
Severly Cost Burdened (50% or more),Total,Ionia County,2235.0
"Cost Burdened (30% or more, but less than 50%)",Owner,Ionia County,1755.0
"Cost Burdened (30% or more, but less than 50%)",Renter,Ionia County,1080.0
"Cost Burdened (30% or more, but less than 50%)",Total,Ionia County,2835.0
Unburdened (Less than 30%),Owner,Ionia County,14435.0
Unburdened (Less than 30%),Renter,Ionia County,3225.0
Unburdened (Less than 30%),Total,Ionia County,17660.0
Severly Cost Burdened (50% or more),Owner,Iosco County,690.0
Severly Cost Burdened (50% or more),Renter,Iosco County,400.0
Severly Cost Burdened (50% or more),Total,Iosco County,1090.0
"Cost Burdened (30% or more, but less than 50%)",Owner,Iosco County,980.0
"Cost Burdened (30% or more, but less than 50%)",Renter,Iosco County,525.0
"Cost Burdened (30% or more, but less than 50%)",Total,Iosco County,1505.0
Unburdened (Less than 30%),Owner,Iosco County,7475.0
Unburdened (Less than 30%),Renter,Iosco County,1385.0
Unburdened (Less than 30%),Total,Iosco County,8860.0
Severly Cost Burdened (50% or more),Owner,Iron County,444.0
Severly Cost Burdened (50% or more),Renter,Iron County,92.0
Severly Cost Burdened (50% or more),Total,Iron County,536.0
"Cost Burdened (30% or more, but less than 50%)",Owner,Iron County,455.0
"Cost Burdened (30% or more, but less than 50%)",Renter,Iron County,250.0
"Cost Burdened (30% or more, but less than 50%)",Total,Iron County,705.0
Unburdened (Less than 30%),Owner,Iron County,3375.0
Unburdened (Less than 30%),Renter,Iron County,625.0
Unburdened (Less than 30%),Total,Iron County,4000.0
Severly Cost Burdened (50% or more),Owner,Isabella County,1220.0
Severly Cost Burdened (50% or more),Renter,Isabella County,3144.0
Severly Cost Burdened (50% or more),Total,Isabella County,4364.0
"Cost Burdened (30% or more, but less than 50%)",Owner,Isabella County,1660.0
"Cost Burdened (30% or more, but less than 50%)",Renter,Isabella County,1960.0
"Cost Burdened (30% or more, but less than 50%)",Total,Isabella County,3620.0
Unburdened (Less than 30%),Owner,Isabella County,12355.0
Unburdened (Less than 30%),Renter,Isabella County,4090.0
Unburdened (Less than 30%),Total,Isabella County,16445.0
Severly Cost Burdened (50% or more),Owner,Jackson County,3495.0
Severly Cost Burdened (50% or more),Renter,Jackson County,3385.0
Severly Cost Burdened (50% or more),Total,Jackson County,6880.0
"Cost Burdened (30% or more, but less than 50%)",Owner,Jackson County,4675.0
"Cost Burdened (30% or more, but less than 50%)",Renter,Jackson County,3710.0
"Cost Burdened (30% or more, but less than 50%)",Total,Jackson County,8385.0
Unburdened (Less than 30%),Owner,Jackson County,36870.0
Unburdened (Less than 30%),Renter,Jackson County,8960.0
Unburdened (Less than 30%),Total,Jackson County,45830.0
Severly Cost Burdened (50% or more),Owner,Kalamazoo County,3875.0
Severly Cost Burdened (50% or more),Renter,Kalamazoo County,7990.0
Severly Cost Burdened (50% or more),Total,Kalamazoo County,11865.0
"Cost Burdened (30% or more, but less than 50%)",Owner,Kalamazoo County,6835.0
"Cost Burdened (30% or more, but less than 50%)",Renter,Kalamazoo County,7990.0
"Cost Burdened (30% or more, but less than 50%)",Total,Kalamazoo County,14825.0
Unburdened (Less than 30%),Owner,Kalamazoo County,54590.0
Unburdened (Less than 30%),Renter,Kalamazoo County,20450.0
Unburdened (Less than 30%),Total,Kalamazoo County,75040.0
Severly Cost Burdened (50% or more),Owner,Kalkaska County,500.0
Severly Cost Burdened (50% or more),Renter,Kalkaska County,270.0
Severly Cost Burdened (50% or more),Total,Kalkaska County,770.0
"Cost Burdened (30% or more, but less than 50%)",Owner,Kalkaska County,705.0
"Cost Burdened (30% or more, but less than 50%)",Renter,Kalkaska County,239.0
"Cost Burdened (30% or more, but less than 50%)",Total,Kalkaska County,944.0
Unburdened (Less than 30%),Owner,Kalkaska County,4455.0
Unburdened (Less than 30%),Renter,Kalkaska County,830.0
Unburdened (Less than 30%),Total,Kalkaska County,5285.0
Severly Cost Burdened (50% or more),Owner,Kent County,9475.0
Severly Cost Burdened (50% or more),Renter,Kent County,16195.0
Severly Cost Burdened (50% or more),Total,Kent County,25670.0
"Cost Burdened (30% or more, but less than 50%)",Owner,Kent County,17685.0
"Cost Burdened (30% or more, but less than 50%)",Renter,Kent County,15725.0
"Cost Burdened (30% or more, but less than 50%)",Total,Kent County,33410.0
Unburdened (Less than 30%),Owner,Kent County,137170.0
Unburdened (Less than 30%),Renter,Kent County,40935.0
Unburdened (Less than 30%),Total,Kent County,178105.0
Severly Cost Burdened (50% or more),Owner,Keweenaw County,84.0
Severly Cost Burdened (50% or more),Renter,Keweenaw County,10.0
Severly Cost Burdened (50% or more),Total,Keweenaw County,94.0
"Cost Burdened (30% or more, but less than 50%)",Owner,Keweenaw County,74.0
"Cost Burdened (30% or more, but less than 50%)",Renter,Keweenaw County,15.0
"Cost Burdened (30% or more, but less than 50%)",Total,Keweenaw County,89.0
Unburdened (Less than 30%),Owner,Keweenaw County,799.0
Unburdened (Less than 30%),Renter,Keweenaw County,99.0
Unburdened (Less than 30%),Total,Keweenaw County,898.0
Severly Cost Burdened (50% or more),Owner,Lake County,464.0
Severly Cost Burdened (50% or more),Renter,Lake County,235.0
Severly Cost Burdened (50% or more),Total,Lake County,699.0
"Cost Burdened (30% or more, but less than 50%)",Owner,Lake County,530.0
"Cost Burdened (30% or more, but less than 50%)",Renter,Lake County,114.0
"Cost Burdened (30% or more, but less than 50%)",Total,Lake County,644.0
Unburdened (Less than 30%),Owner,Lake County,2735.0
Unburdened (Less than 30%),Renter,Lake County,340.0
Unburdened (Less than 30%),Total,Lake County,3075.0
Severly Cost Burdened (50% or more),Owner,Lapeer County,2355.0
Severly Cost Burdened (50% or more),Renter,Lapeer County,1300.0
Severly Cost Burdened (50% or more),Total,Lapeer County,3655.0
"Cost Burdened (30% or more, but less than 50%)",Owner,Lapeer County,3285.0
"Cost Burdened (30% or more, but less than 50%)",Renter,Lapeer County,1215.0
"Cost Burdened (30% or more, but less than 50%)",Total,Lapeer County,4500.0
Unburdened (Less than 30%),Owner,Lapeer County,22070.0
Unburdened (Less than 30%),Renter,Lapeer County,2910.0
Unburdened (Less than 30%),Total,Lapeer County,24980.0
Severly Cost Burdened (50% or more),Owner,Leelanau County,730.0
Severly Cost Burdened (50% or more),Renter,Leelanau County,230.0
Severly Cost Burdened (50% or more),Total,Leelanau County,960.0
"Cost Burdened (30% or more, but less than 50%)",Owner,Leelanau County,1175.0
"Cost Burdened (30% or more, but less than 50%)",Renter,Leelanau County,224.0
"Cost Burdened (30% or more, but less than 50%)",Total,Leelanau County,1399.0
Unburdened (Less than 30%),Owner,Leelanau County,6045.0
Unburdened (Less than 30%),Renter,Leelanau County,660.0
Unburdened (Less than 30%),Total,Leelanau County,6705.0
Severly Cost Burdened (50% or more),Owner,Lenawee County,2210.0
Severly Cost Burdened (50% or more),Renter,Lenawee County,1785.0
Severly Cost Burdened (50% or more),Total,Lenawee County,3995.0
"Cost Burdened (30% or more, but less than 50%)",Owner,Lenawee County,3820.0
"Cost Burdened (30% or more, but less than 50%)",Renter,Lenawee County,1730.0
"Cost Burdened (30% or more, but less than 50%)",Total,Lenawee County,5550.0
Unburdened (Less than 30%),Owner,Lenawee County,23395.0
Unburdened (Less than 30%),Renter,Lenawee County,4990.0
Unburdened (Less than 30%),Total,Lenawee County,28385.0
Severly Cost Burdened (50% or more),Owner,Livingston County,4415.0
Severly Cost Burdened (50% or more),Renter,Livingston County,2043.0
Severly Cost Burdened (50% or more),Total,Livingston County,6458.0
"Cost Burdened (30% or more, but less than 50%)",Owner,Livingston County,6750.0
"Cost Burdened (30% or more, but less than 50%)",Renter,Livingston County,2255.0
"Cost Burdened (30% or more, but less than 50%)",Total,Livingston County,9005.0
Unburdened (Less than 30%),Owner,Livingston County,49270.0
Unburdened (Less than 30%),Renter,Livingston County,6115.0
Unburdened (Less than 30%),Total,Livingston County,55385.0
Severly Cost Burdened (50% or more),Owner,Luce County,124.0
Severly Cost Burdened (50% or more),Renter,Luce County,89.0
Severly Cost Burdened (50% or more),Total,Luce County,213.0
"Cost Burdened (30% or more, but less than 50%)",Owner,Luce County,205.0
"Cost Burdened (30% or more, but less than 50%)",Renter,Luce County,60.0
"Cost Burdened (30% or more, but less than 50%)",Total,Luce County,265.0
Unburdened (Less than 30%),Owner,Luce County,1450.0
Unburdened (Less than 30%),Renter,Luce County,255.0
Unburdened (Less than 30%),Total,Luce County,1705.0
Severly Cost Burdened (50% or more),Owner,Mackinac County,360.0
Severly Cost Burdened (50% or more),Renter,Mackinac County,275.0
Severly Cost Burdened (50% or more),Total,Mackinac County,635.0
"Cost Burdened (30% or more, but less than 50%)",Owner,Mackinac County,385.0
"Cost Burdened (30% or more, but less than 50%)",Renter,Mackinac County,179.0
"Cost Burdened (30% or more, but less than 50%)",Total,Mackinac County,564.0
Unburdened (Less than 30%),Owner,Mackinac County,3115.0
Unburdened (Less than 30%),Renter,Mackinac County,910.0
Unburdened (Less than 30%),Total,Mackinac County,4025.0
Severly Cost Burdened (50% or more),Owner,Macomb County,19400.0
Severly Cost Burdened (50% or more),Renter,Macomb County,20920.0
Severly Cost Burdened (50% or more),Total,Macomb County,40320.0
"Cost Burdened (30% or more, but less than 50%)",Owner,Macomb County,28710.0
"Cost Burdened (30% or more, but less than 50%)",Renter,Macomb County,20085.0
"Cost Burdened (30% or more, but less than 50%)",Total,Macomb County,48795.0
Unburdened (Less than 30%),Owner,Macomb County,201005.0
Unburdened (Less than 30%),Renter,Macomb County,50385.0
Unburdened (Less than 30%),Total,Macomb County,251390.0
Severly Cost Burdened (50% or more),Owner,Manistee County,670.0
Severly Cost Burdened (50% or more),Renter,Manistee County,344.0
Severly Cost Burdened (50% or more),Total,Manistee County,1014.0
"Cost Burdened (30% or more, but less than 50%)",Owner,Manistee County,1005.0
"Cost Burdened (30% or more, but less than 50%)",Renter,Manistee County,350.0
"Cost Burdened (30% or more, but less than 50%)",Total,Manistee County,1355.0
Unburdened (Less than 30%),Owner,Manistee County,6165.0
Unburdened (Less than 30%),Renter,Manistee County,955.0
Unburdened (Less than 30%),Total,Manistee County,7120.0
Severly Cost Burdened (50% or more),Owner,Marquette County,1310.0
Severly Cost Burdened (50% or more),Renter,Marquette County,1845.0
Severly Cost Burdened (50% or more),Total,Marquette County,3155.0
"Cost Burdened (30% or more, but less than 50%)",Owner,Marquette County,1650.0
"Cost Burdened (30% or more, but less than 50%)",Renter,Marquette County,1825.0
"Cost Burdened (30% or more, but less than 50%)",Total,Marquette County,3475.0
Unburdened (Less than 30%),Owner,Marquette County,14970.0
Unburdened (Less than 30%),Renter,Marquette County,4035.0
Unburdened (Less than 30%),Total,Marquette County,19005.0
Severly Cost Burdened (50% or more),Owner,Mason County,775.0
Severly Cost Burdened (50% or more),Renter,Mason County,568.0
Severly Cost Burdened (50% or more),Total,Mason County,1343.0
"Cost Burdened (30% or more, but less than 50%)",Owner,Mason County,1335.0
"Cost Burdened (30% or more, but less than 50%)",Renter,Mason County,525.0
"Cost Burdened (30% or more, but less than 50%)",Total,Mason County,1860.0
Unburdened (Less than 30%),Owner,Mason County,7280.0
Unburdened (Less than 30%),Renter,Mason County,1525.0
Unburdened (Less than 30%),Total,Mason County,8805.0
Severly Cost Burdened (50% or more),Owner,Mecosta County,969.0
Severly Cost Burdened (50% or more),Renter,Mecosta County,1110.0
Severly Cost Burdened (50% or more),Total,Mecosta County,2079.0
"Cost Burdened (30% or more, but less than 50%)",Owner,Mecosta County,1380.0
"Cost Burdened (30% or more, but less than 50%)",Renter,Mecosta County,740.0
"Cost Burdened (30% or more, but less than 50%)",Total,Mecosta County,2120.0
Unburdened (Less than 30%),Owner,Mecosta County,9190.0
Unburdened (Less than 30%),Renter,Mecosta County,2215.0
Unburdened (Less than 30%),Total,Mecosta County,11405.0
Severly Cost Burdened (50% or more),Owner,Menominee County,470.0
Severly Cost Burdened (50% or more),Renter,Menominee County,310.0
Severly Cost Burdened (50% or more),Total,Menominee County,780.0
"Cost Burdened (30% or more, but less than 50%)",Owner,Menominee County,820.0
"Cost Burdened (30% or more, but less than 50%)",Renter,Menominee County,500.0
"Cost Burdened (30% or more, but less than 50%)",Total,Menominee County,1320.0
Unburdened (Less than 30%),Owner,Menominee County,7000.0
Unburdened (Less than 30%),Renter,Menominee County,1435.0
Unburdened (Less than 30%),Total,Menominee County,8435.0
Severly Cost Burdened (50% or more),Owner,Midland County,1320.0
Severly Cost Burdened (50% or more),Renter,Midland County,1640.0
Severly Cost Burdened (50% or more),Total,Midland County,2960.0
"Cost Burdened (30% or more, but less than 50%)",Owner,Midland County,2450.0
"Cost Burdened (30% or more, but less than 50%)",Renter,Midland County,1800.0
"Cost Burdened (30% or more, but less than 50%)",Total,Midland County,4250.0
Unburdened (Less than 30%),Owner,Midland County,21855.0
Unburdened (Less than 30%),Renter,Midland County,4705.0
Unburdened (Less than 30%),Total,Midland County,26560.0
Severly Cost Burdened (50% or more),Owner,Missaukee County,430.0
Severly Cost Burdened (50% or more),Renter,Missaukee County,234.0
Severly Cost Burdened (50% or more),Total,Missaukee County,664.0
"Cost Burdened (30% or more, but less than 50%)",Owner,Missaukee County,700.0
"Cost Burdened (30% or more, but less than 50%)",Renter,Missaukee County,214.0
"Cost Burdened (30% or more, but less than 50%)",Total,Missaukee County,914.0
Unburdened (Less than 30%),Owner,Missaukee County,3760.0
Unburdened (Less than 30%),Renter,Missaukee County,665.0
Unburdened (Less than 30%),Total,Missaukee County,4425.0
Severly Cost Burdened (50% or more),Owner,Monroe County,3725.0
Severly Cost Burdened (50% or more),Renter,Monroe County,2205.0
Severly Cost Burdened (50% or more),Total,Monroe County,5930.0
"Cost Burdened (30% or more, but less than 50%)",Owner,Monroe County,5090.0
"Cost Burdened (30% or more, but less than 50%)",Renter,Monroe County,3110.0
"Cost Burdened (30% or more, but less than 50%)",Total,Monroe County,8200.0
Unburdened (Less than 30%),Owner,Monroe County,38300.0
Unburdened (Less than 30%),Renter,Monroe County,6340.0
Unburdened (Less than 30%),Total,Monroe County,44640.0
Severly Cost Burdened (50% or more),Owner,Montcalm County,1390.0
Severly Cost Burdened (50% or more),Renter,Montcalm County,1040.0
Severly Cost Burdened (50% or more),Total,Montcalm County,2430.0
"Cost Burdened (30% or more, but less than 50%)",Owner,Montcalm County,2170.0
"Cost Burdened (30% or more, but less than 50%)",Renter,Montcalm County,1220.0
"Cost Burdened (30% or more, but less than 50%)",Total,Montcalm County,3390.0
Unburdened (Less than 30%),Owner,Montcalm County,14795.0
Unburdened (Less than 30%),Renter,Montcalm County,2820.0
Unburdened (Less than 30%),Total,Montcalm County,17615.0
Severly Cost Burdened (50% or more),Owner,Montmorency County,349.0
Severly Cost Burdened (50% or more),Renter,Montmorency County,105.0
Severly Cost Burdened (50% or more),Total,Montmorency County,454.0
"Cost Burdened (30% or more, but less than 50%)",Owner,Montmorency County,405.0
"Cost Burdened (30% or more, but less than 50%)",Renter,Montmorency County,104.0
"Cost Burdened (30% or more, but less than 50%)",Total,Montmorency County,509.0
Unburdened (Less than 30%),Owner,Montmorency County,2830.0
Unburdened (Less than 30%),Renter,Montmorency County,360.0
Unburdened (Less than 30%),Total,Montmorency County,3190.0
Severly Cost Burdened (50% or more),Owner,Muskegon County,2945.0
Severly Cost Burdened (50% or more),Renter,Muskegon County,3990.0
Severly Cost Burdened (50% or more),Total,Muskegon County,6935.0
"Cost Burdened (30% or more, but less than 50%)",Owner,Muskegon County,5255.0
"Cost Burdened (30% or more, but less than 50%)",Renter,Muskegon County,3950.0
"Cost Burdened (30% or more, but less than 50%)",Total,Muskegon County,9205.0
Unburdened (Less than 30%),Owner,Muskegon County,40265.0
Unburdened (Less than 30%),Renter,Muskegon County,8350.0
Unburdened (Less than 30%),Total,Muskegon County,48615.0
Severly Cost Burdened (50% or more),Owner,Newaygo County,1525.0
Severly Cost Burdened (50% or more),Renter,Newaygo County,700.0
Severly Cost Burdened (50% or more),Total,Newaygo County,2225.0
"Cost Burdened (30% or more, but less than 50%)",Owner,Newaygo County,1695.0
"Cost Burdened (30% or more, but less than 50%)",Renter,Newaygo County,735.0
"Cost Burdened (30% or more, but less than 50%)",Total,Newaygo County,2430.0
Unburdened (Less than 30%),Owner,Newaygo County,12285.0
Unburdened (Less than 30%),Renter,Newaygo County,1840.0
Unburdened (Less than 30%),Total,Newaygo County,14125.0
Severly Cost Burdened (50% or more),Owner,Oakland County,27940.0
Severly Cost Burdened (50% or more),Renter,Oakland County,29100.0
Severly Cost Burdened (50% or more),Total,Oakland County,57040.0
"Cost Burdened (30% or more, but less than 50%)",Owner,Oakland County,38460.0
"Cost Burdened (30% or more, but less than 50%)",Renter,Oakland County,27900.0
"Cost Burdened (30% or more, but less than 50%)",Total,Oakland County,66360.0
Unburdened (Less than 30%),Owner,Oakland County,286300.0
Unburdened (Less than 30%),Renter,Oakland County,86110.0
Unburdened (Less than 30%),Total,Oakland County,372410.0
Severly Cost Burdened (50% or more),Owner,Oceana County,695.0
Severly Cost Burdened (50% or more),Renter,Oceana County,345.0
Severly Cost Burdened (50% or more),Total,Oceana County,1040.0
"Cost Burdened (30% or more, but less than 50%)",Owner,Oceana County,885.0
"Cost Burdened (30% or more, but less than 50%)",Renter,Oceana County,249.0
"Cost Burdened (30% or more, but less than 50%)",Total,Oceana County,1134.0
Unburdened (Less than 30%),Owner,Oceana County,6640.0
Unburdened (Less than 30%),Renter,Oceana County,1240.0
Unburdened (Less than 30%),Total,Oceana County,7880.0
Severly Cost Burdened (50% or more),Owner,Ogemaw County,688.0
Severly Cost Burdened (50% or more),Renter,Ogemaw County,385.0
Severly Cost Burdened (50% or more),Total,Ogemaw County,1073.0
"Cost Burdened (30% or more, but less than 50%)",Owner,Ogemaw County,1040.0
"Cost Burdened (30% or more, but less than 50%)",Renter,Ogemaw County,369.0
"Cost Burdened (30% or more, but less than 50%)",Total,Ogemaw County,1409.0
Unburdened (Less than 30%),Owner,Ogemaw County,5760.0
Unburdened (Less than 30%),Renter,Ogemaw County,890.0
Unburdened (Less than 30%),Total,Ogemaw County,6650.0
Severly Cost Burdened (50% or more),Owner,Ontonagon County,204.0
Severly Cost Burdened (50% or more),Renter,Ontonagon County,65.0
Severly Cost Burdened (50% or more),Total,Ontonagon County,269.0
"Cost Burdened (30% or more, but less than 50%)",Owner,Ontonagon County,240.0
"Cost Burdened (30% or more, but less than 50%)",Renter,Ontonagon County,44.0
"Cost Burdened (30% or more, but less than 50%)",Total,Ontonagon County,284.0
Unburdened (Less than 30%),Owner,Ontonagon County,2025.0
Unburdened (Less than 30%),Renter,Ontonagon County,210.0
Unburdened (Less than 30%),Total,Ontonagon County,2235.0
Severly Cost Burdened (50% or more),Owner,Osceola County,565.0
Severly Cost Burdened (50% or more),Renter,Osceola County,350.0
Severly Cost Burdened (50% or more),Total,Osceola County,915.0
"Cost Burdened (30% or more, but less than 50%)",Owner,Osceola County,955.0
"Cost Burdened (30% or more, but less than 50%)",Renter,Osceola County,259.0
"Cost Burdened (30% or more, but less than 50%)",Total,Osceola County,1214.0
Unburdened (Less than 30%),Owner,Osceola County,5840.0
Unburdened (Less than 30%),Renter,Osceola County,975.0
Unburdened (Less than 30%),Total,Osceola County,6815.0
Severly Cost Burdened (50% or more),Owner,Oscoda County,370.0
Severly Cost Burdened (50% or more),Renter,Oscoda County,115.0
Severly Cost Burdened (50% or more),Total,Oscoda County,485.0
"Cost Burdened (30% or more, but less than 50%)",Owner,Oscoda County,350.0
"Cost Burdened (30% or more, but less than 50%)",Renter,Oscoda County,104.0
"Cost Burdened (30% or more, but less than 50%)",Total,Oscoda County,454.0
Unburdened (Less than 30%),Owner,Oscoda County,2475.0
Unburdened (Less than 30%),Renter,Oscoda County,370.0
Unburdened (Less than 30%),Total,Oscoda County,2845.0
Severly Cost Burdened (50% or more),Owner,Otsego County,410.0
Severly Cost Burdened (50% or more),Renter,Otsego County,385.0
Severly Cost Burdened (50% or more),Total,Otsego County,795.0
"Cost Burdened (30% or more, but less than 50%)",Owner,Otsego County,975.0
"Cost Burdened (30% or more, but less than 50%)",Renter,Otsego County,510.0
"Cost Burdened (30% or more, but less than 50%)",Total,Otsego County,1485.0
Unburdened (Less than 30%),Owner,Otsego County,6380.0
Unburdened (Less than 30%),Renter,Otsego County,1150.0
Unburdened (Less than 30%),Total,Otsego County,7530.0
Severly Cost Burdened (50% or more),Owner,Ottawa County,4050.0
Severly Cost Burdened (50% or more),Renter,Ottawa County,4644.0
Severly Cost Burdened (50% or more),Total,Ottawa County,8694.0
"Cost Burdened (30% or more, but less than 50%)",Owner,Ottawa County,7025.0
"Cost Burdened (30% or more, but less than 50%)",Renter,Ottawa County,4320.0
"Cost Burdened (30% or more, but less than 50%)",Total,Ottawa County,11345.0
Unburdened (Less than 30%),Owner,Ottawa County,67955.0
Unburdened (Less than 30%),Renter,Ottawa County,12575.0
Unburdened (Less than 30%),Total,Ottawa County,80530.0
Severly Cost Burdened (50% or more),Owner,Presque Isle County,380.0
Severly Cost Burdened (50% or more),Renter,Presque Isle County,110.0
Severly Cost Burdened (50% or more),Total,Presque Isle County,490.0
"Cost Burdened (30% or more, but less than 50%)",Owner,Presque Isle County,510.0
"Cost Burdened (30% or more, but less than 50%)",Renter,Presque Isle County,115.0
"Cost Burdened (30% or more, but less than 50%)",Total,Presque Isle County,625.0
Unburdened (Less than 30%),Owner,Presque Isle County,4190.0
Unburdened (Less than 30%),Renter,Presque Isle County,410.0
Unburdened (Less than 30%),Total,Presque Isle County,4600.0
Severly Cost Burdened (50% or more),Owner,Roscommon County,860.0
Severly Cost Burdened (50% or more),Renter,Roscommon County,474.0
Severly Cost Burdened (50% or more),Total,Roscommon County,1334.0
"Cost Burdened (30% or more, but less than 50%)",Owner,Roscommon County,1190.0
"Cost Burdened (30% or more, but less than 50%)",Renter,Roscommon County,425.0
"Cost Burdened (30% or more, but less than 50%)",Total,Roscommon County,1615.0
Unburdened (Less than 30%),Owner,Roscommon County,6860.0
Unburdened (Less than 30%),Renter,Roscommon County,965.0
Unburdened (Less than 30%),Total,Roscommon County,7825.0
Severly Cost Burdened (50% or more),Owner,Saginaw County,4115.0
Severly Cost Burdened (50% or more),Renter,Saginaw County,5700.0
Severly Cost Burdened (50% or more),Total,Saginaw County,9815.0
"Cost Burdened (30% or more, but less than 50%)",Owner,Saginaw County,6480.0
"Cost Burdened (30% or more, but less than 50%)",Renter,Saginaw County,4935.0
"Cost Burdened (30% or more, but less than 50%)",Total,Saginaw County,11415.0
Unburdened (Less than 30%),Owner,Saginaw County,45280.0
Unburdened (Less than 30%),Renter,Saginaw County,11130.0
Unburdened (Less than 30%),Total,Saginaw County,56410.0
Severly Cost Burdened (50% or more),Owner,Sanilac County,1110.0
Severly Cost Burdened (50% or more),Renter,Sanilac County,570.0
Severly Cost Burdened (50% or more),Total,Sanilac County,1680.0
"Cost Burdened (30% or more, but less than 50%)",Owner,Sanilac County,1565.0
"Cost Burdened (30% or more, but less than 50%)",Renter,Sanilac County,664.0
"Cost Burdened (30% or more, but less than 50%)",Total,Sanilac County,2229.0
Unburdened (Less than 30%),Owner,Sanilac County,10855.0
Unburdened (Less than 30%),Renter,Sanilac County,2155.0
Unburdened (Less than 30%),Total,Sanilac County,13010.0
Severly Cost Burdened (50% or more),Owner,Schoolcraft County,215.0
Severly Cost Burdened (50% or more),Renter,Schoolcraft County,115.0
Severly Cost Burdened (50% or more),Total,Schoolcraft County,330.0
"Cost Burdened (30% or more, but less than 50%)",Owner,Schoolcraft County,370.0
"Cost Burdened (30% or more, but less than 50%)",Renter,Schoolcraft County,170.0
"Cost Burdened (30% or more, but less than 50%)",Total,Schoolcraft County,540.0
Unburdened (Less than 30%),Owner,Schoolcraft County,2110.0
Unburdened (Less than 30%),Renter,Schoolcraft County,290.0
Unburdened (Less than 30%),Total,Schoolcraft County,2400.0
Severly Cost Burdened (50% or more),Owner,Shiawassee County,1110.0
Severly Cost Burdened (50% or more),Renter,Shiawassee County,1180.0
Severly Cost Burdened (50% or more),Total,Shiawassee County,2290.0
"Cost Burdened (30% or more, but less than 50%)",Owner,Shiawassee County,2120.0
"Cost Burdened (30% or more, but less than 50%)",Renter,Shiawassee County,1494.0
"Cost Burdened (30% or more, but less than 50%)",Total,Shiawassee County,3614.0
Unburdened (Less than 30%),Owner,Shiawassee County,17555.0
Unburdened (Less than 30%),Renter,Shiawassee County,4040.0
Unburdened (Less than 30%),Total,Shiawassee County,21595.0
Severly Cost Burdened (50% or more),Owner,St. Clair County,3600.0
Severly Cost Burdened (50% or more),Renter,St. Clair County,3460.0
Severly Cost Burdened (50% or more),Total,St. Clair County,7060.0
"Cost Burdened (30% or more, but less than 50%)",Owner,St. Clair County,5770.0
"Cost Burdened (30% or more, but less than 50%)",Renter,St. Clair County,3130.0
"Cost Burdened (30% or more, but less than 50%)",Total,St. Clair County,8900.0
Unburdened (Less than 30%),Owner,St. Clair County,40145.0
Unburdened (Less than 30%),Renter,St. Clair County,8060.0
Unburdened (Less than 30%),Total,St. Clair County,48205.0
Severly Cost Burdened (50% or more),Owner,St. Joseph County,1235.0
Severly Cost Burdened (50% or more),Renter,St. Joseph County,1129.0
Severly Cost Burdened (50% or more),Total,St. Joseph County,2364.0
"Cost Burdened (30% or more, but less than 50%)",Owner,St. Joseph County,1905.0
"Cost Burdened (30% or more, but less than 50%)",Renter,St. Joseph County,1019.0
"Cost Burdened (30% or more, but less than 50%)",Total,St. Joseph County,2924.0
Unburdened (Less than 30%),Owner,St. Joseph County,14575.0
Unburdened (Less than 30%),Renter,St. Joseph County,3945.0
Unburdened (Less than 30%),Total,St. Joseph County,18520.0
Severly Cost Burdened (50% or more),Owner,Tuscola County,1535.0
Severly Cost Burdened (50% or more),Renter,Tuscola County,864.0
Severly Cost Burdened (50% or more),Total,Tuscola County,2399.0
"Cost Burdened (30% or more, but less than 50%)",Owner,Tuscola County,2155.0
"Cost Burdened (30% or more, but less than 50%)",Renter,Tuscola County,690.0
"Cost Burdened (30% or more, but less than 50%)",Total,Tuscola County,2845.0
Unburdened (Less than 30%),Owner,Tuscola County,13975.0
Unburdened (Less than 30%),Renter,Tuscola County,2255.0
Unburdened (Less than 30%),Total,Tuscola County,16230.0
Severly Cost Burdened (50% or more),Owner,Van Buren County,1625.0
Severly Cost Burdened (50% or more),Renter,Van Buren County,1149.0
Severly Cost Burdened (50% or more),Total,Van Buren County,2774.0
"Cost Burdened (30% or more, but less than 50%)",Owner,Van Buren County,2485.0
"Cost Burdened (30% or more, but less than 50%)",Renter,Van Buren County,1555.0
"Cost Burdened (30% or more, but less than 50%)",Total,Van Buren County,4040.0
Unburdened (Less than 30%),Owner,Van Buren County,18150.0
Unburdened (Less than 30%),Renter,Van Buren County,3745.0
Unburdened (Less than 30%),Total,Van Buren County,21895.0
Severly Cost Burdened (50% or more),Owner,Washtenaw County,6475.0
Severly Cost Burdened (50% or more),Renter,Washtenaw County,14325.0
Severly Cost Burdened (50% or more),Total,Washtenaw County,20800.0
"Cost Burdened (30% or more, but less than 50%)",Owner,Washtenaw County,9710.0
"Cost Burdened (30% or more, but less than 50%)",Renter,Washtenaw County,10540.0
"Cost Burdened (30% or more, but less than 50%)",Total,Washtenaw County,20250.0
Unburdened (Less than 30%),Owner,Washtenaw County,68750.0
Unburdened (Less than 30%),Renter,Washtenaw County,28560.0
Unburdened (Less than 30%),Total,Washtenaw County,97310.0
Severly Cost Burdened (50% or more),Owner,Wayne County,40955.0
Severly Cost Burdened (50% or more),Renter,Wayne County,70705.0
Severly Cost Burdened (50% or more),Total,Wayne County,111660.0
"Cost Burdened (30% or more, but less than 50%)",Owner,Wayne County,50370.0
"Cost Burdened (30% or more, but less than 50%)",Renter,Wayne County,53505.0
"Cost Burdened (30% or more, but less than 50%)",Total,Wayne County,103875.0
Unburdened (Less than 30%),Owner,Wayne County,321900.0
Unburdened (Less than 30%),Renter,Wayne County,120660.0
Unburdened (Less than 30%),Total,Wayne County,442560.0
Severly Cost Burdened (50% or more),Owner,Wexford County,715.0
Severly Cost Burdened (50% or more),Renter,Wexford County,690.0
Severly Cost Burdened (50% or more),Total,Wexford County,1405.0
"Cost Burdened (30% or more, but less than 50%)",Owner,Wexford County,1140.0
"Cost Burdened (30% or more, but less than 50%)",Renter,Wexford County,610.0
"Cost Burdened (30% or more, but less than 50%)",Total,Wexford County,1750.0
Unburdened (Less than 30%),Owner,Wexford County,7990.0
Unburdened (Less than 30%),Renter,Wexford County,1720.0
Unburdened (Less than 30%),Total,Wexford County,9710.0
